date,hi1_open,hi1_high,hi1_low,hi1_close,hi1_volume_max,hi1_volume_min
20170703,25524.0,25768.0,25506.0,25764.0,1545.0,1.0
20170704,25681.0,25747.0,25136.0,25315.0,3157.0,1.0
20170705,25289.0,25485.0,25110.0,25468.0,1733.0,1.0
20170706,25545.0,25593.0,25342.0,25377.0,1344.0,1.0
20170707,25313.0,25386.0,25261.0,25352.0,1562.0,1.0
20170710,25380.0,25606.0,25307.0,25562.0,2567.0,1.0
20170711,25555.0,25975.0,25544.0,25915.0,1709.0,1.0
20170712,25924.0,26325.0,25924.0,26310.0,3326.0,2.0
20170713,26339.0,26398.0,26283.0,26378.0,1439.0,1.0
20170714,26402.0,26569.0,26322.0,26550.0,1150.0,1.0
20170717,26608.0,26643.0,26391.0,26454.0,1818.0,1.0
20170718,26487.0,26563.0,26415.0,26491.0,1573.0,1.0
20170719,26550.0,26780.0,26522.0,26740.0,1785.0,1.0
20170720,26742.0,26783.0,26658.0,26759.0,1172.0,1.0
20170721,26759.0,26785.0,26661.0,26670.0,1212.0,1.0
20170724,26721.0,26904.0,26698.0,26828.0,1473.0,1.0
20170725,26832.0,26956.0,26811.0,26941.0,1180.0,1.0
20170726,26913.0,26995.0,26802.0,26938.0,1735.0,1.0
20170727,26962.0,27165.0,26943.0,27115.0,1296.0,1.0
20170728,26982.0,27048.0,26870.0,26982.0,1473.0,1.0
20170731,26966.0,27259.0,26951.0,27202.0,1773.0,1.0
20170801,27212.0,27609.0,27212.0,27522.0,1204.0,1.0
20170802,27505.0,27655.0,27462.0,27484.0,1545.0,1.0
20170803,27460.0,27580.0,27363.0,27553.0,1718.0,1.0
20170804,27550.0,27576.0,27464.0,27528.0,1955.0,1.0
20170807,27576.0,27720.0,27550.0,27570.0,1223.0,1.0
20170808,27600.0,27880.0,27561.0,27872.0,1685.0,1.0
20170809,27740.0,27785.0,27550.0,27652.0,1317.0,1.0
20170810,27745.0,27766.0,27191.0,27224.0,2353.0,1.0
20170811,26985.0,27174.0,26805.0,26960.0,2478.0,1.0
20170814,27086.0,27315.0,27006.0,27314.0,1838.0,1.0
20170815,27300.0,27375.0,27023.0,27101.0,1883.0,1.0
20170816,27063.0,27594.0,27036.0,27560.0,2076.0,2.0
20170817,27566.0,27580.0,27147.0,27188.0,2113.0,1.0
20170818,27060.0,27218.0,26924.0,27091.0,2039.0,2.0
20170821,27045.0,27236.0,27021.0,27225.0,1781.0,1.0
20170822,27294.0,27548.0,27280.0,27532.0,1716.0,1.0
20170824,27517.0,27618.0,27465.0,27537.0,694.0,1.0
20170825,27580.0,28039.0,27433.0,27940.0,661.0,1.0
20170828,27851.0,28071.0,27823.0,27875.0,635.0,1.0
20170829,27807.0,27860.0,27659.0,27858.0,550.0,1.0
20170830,27750.0,28014.0,27740.0,27880.0,697.0,1.0
20170831,27930.0,27975.0,27820.0,27943.0,766.0,1.0
20170901,27980.0,28050.0,27851.0,27954.0,649.0,1.0
20170904,27810.0,27870.0,27611.0,27799.0,970.0,1.0
20170905,27776.0,27824.0,27628.0,27643.0,750.0,1.0
20170906,27611.0,27700.0,27350.0,27645.0,1046.0,1.0
20170907,27740.0,27788.0,27430.0,27584.0,662.0,1.0
20170908,27536.0,27754.0,27518.0,27655.0,723.0,1.0
20170911,27780.0,28025.0,27775.0,28018.0,846.0,1.0
20170912,28000.0,28034.0,27857.0,27960.0,776.0,1.0
20170913,27955.0,27983.0,27711.0,27788.0,817.0,1.0
20170914,27812.0,27870.0,27666.0,27763.0,801.0,1.0
20170915,27723.0,27913.0,27457.0,27822.0,1020.0,1.0
20170918,27933.0,28168.0,27904.0,28136.0,906.0,1.0
20170919,28135.0,28225.0,28014.0,28038.0,836.0,1.0
20170920,28050.0,28175.0,27994.0,28091.0,631.0,1.0
20170921,28091.0,28175.0,28035.0,28057.0,632.0,1.0
20170922,28007.0,28010.0,27771.0,27810.0,877.0,1.0
20170925,27894.0,27895.0,27342.0,27369.0,1171.0,1.0
20170926,27360.0,27605.0,27289.0,27501.0,772.0,1.0
20170927,27473.0,27685.0,27446.0,27506.0,484.0,1.0
20170928,27565.0,27642.0,27272.0,27283.0,2031.0,3.0
20170929,27464.0,27590.0,27336.0,27566.0,1905.0,1.0
20171003,27749.0,28241.0,27688.0,28225.0,1552.0,1.0
20171004,28184.0,28514.0,28183.0,28337.0,2148.0,1.0
20171006,28600.0,28623.0,28302.0,28346.0,1658.0,1.0
20171009,28422.0,28472.0,28255.0,28325.0,1686.0,1.0
20171010,28347.0,28546.0,28244.0,28516.0,1656.0,1.0
20171011,28584.0,28608.0,28225.0,28377.0,1274.0,1.0
20171012,28446.0,28542.0,28362.0,28441.0,1102.0,1.0
20171013,28403.0,28613.0,28356.0,28612.0,1307.0,1.0
20171016,28657.0,28811.0,28604.0,28723.0,1356.0,1.0
20171017,28736.0,28763.0,28610.0,28628.0,1268.0,1.0
20171018,28643.0,28752.0,28621.0,28752.0,1253.0,1.0
20171019,28751.0,28775.0,28057.0,28284.0,2916.0,4.0
20171020,28360.0,28531.0,28319.0,28449.0,1737.0,1.0
20171023,28541.0,28550.0,28213.0,28245.0,2567.0,1.0
20171024,28230.0,28340.0,28072.0,28300.0,1833.0,1.0
20171025,28256.0,28363.0,28030.0,28071.0,1138.0,1.0
20171026,28120.0,28369.0,28077.0,28337.0,1315.0,1.0
20171027,28320.0,28531.0,28286.0,28527.0,1192.0,1.0
20171030,28555.0,28628.0,28189.0,28202.0,1806.0,1.0
20171031,28217.0,28344.0,28160.0,28257.0,1311.0,1.0
20171101,28349.0,28657.0,28280.0,28569.0,2095.0,1.0
20171102,28531.0,28613.0,28444.0,28488.0,1694.0,1.0
20171103,28580.0,28612.0,28484.0,28506.0,1914.0,1.0
20171106,28565.0,28645.0,28087.0,28625.0,3135.0,1.0
20171107,28680.0,29025.0,28661.0,28894.0,2770.0,1.0
20171108,28859.0,29129.0,28859.0,28900.0,1855.0,1.0
20171109,28954.0,29170.0,28947.0,29001.0,1769.0,2.0
20171110,29036.0,29179.0,28988.0,29053.0,1833.0,1.0
20171113,29021.0,29227.0,28984.0,29137.0,1569.0,1.0
20171114,29224.0,29275.0,29102.0,29132.0,1811.0,1.0
20171115,29074.0,29077.0,28862.0,28981.0,2379.0,2.0
20171116,28925.0,29218.0,28889.0,29214.0,1481.0,1.0
20171117,29234.0,29310.0,29118.0,29149.0,1701.0,1.0
20171120,29150.0,29286.0,29061.0,29286.0,1365.0,1.0
20171121,29350.0,31341.0,29284.0,30090.0,1806.0,1.0
20171122,30022.0,30208.0,29932.0,30063.0,1904.0,1.0
20171123,30050.0,30168.0,29607.0,29868.0,1665.0,1.0
20171124,29889.0,30045.0,29737.0,30026.0,1737.0,1.0
20171127,29913.0,29955.0,29641.0,29792.0,1837.0,1.0
20171128,29686.0,29742.0,29373.0,29691.0,1595.0,1.0
20171129,29864.0,29880.0,29505.0,29513.0,3780.0,1.0
20171130,29473.0,29478.0,29139.0,29407.0,2807.0,2.0
20171201,29330.0,29384.0,28906.0,29098.0,2782.0,2.0
20171204,29150.0,29354.0,28828.0,29052.0,2341.0,1.0
20171205,28900.0,29169.0,28785.0,28992.0,1899.0,3.0
20171206,28896.0,28975.0,28167.0,28296.0,3130.0,2.0
20171207,28400.0,28479.0,28149.0,28385.0,1849.0,3.0
20171208,28428.0,28720.0,28330.0,28642.0,2158.0,1.0
20171211,28602.0,28981.0,28587.0,28932.0,1795.0,1.0
20171212,28953.0,29048.0,28739.0,28749.0,1557.0,1.0
20171213,28816.0,29327.0,28735.0,29324.0,2050.0,1.0
20171214,29321.0,29439.0,29045.0,29158.0,1923.0,2.0
20171215,29030.0,29050.0,28721.0,28849.0,1733.0,4.0
20171218,28993.0,29235.0,28832.0,29232.0,1829.0,1.0
20171219,29176.0,29381.0,29124.0,29143.0,1467.0,1.0
20171220,29140.0,29339.0,29129.0,29208.0,1542.0,1.0
20171221,29238.0,29525.0,29133.0,29497.0,1429.0,1.0
20171222,29522.0,29638.0,29420.0,29614.0,1986.0,1.0
20171227,29670.0,29729.0,29542.0,29658.0,1333.0,1.0
20171228,29758.0,29962.0,29730.0,29913.0,974.0,1.0
20171229,29915.0,30027.0,29871.0,29972.0,1562.0,1.0
20180102,30020.0,30594.0,30003.0,30572.0,2078.0,1.0
20180103,30590.0,30750.0,30512.0,30702.0,1702.0,1.0
20180104,30740.0,30893.0,30591.0,30888.0,1481.0,1.0
20180105,30890.0,30912.0,30693.0,30873.0,1858.0,1.0
20180108,30940.0,30950.0,30711.0,30890.0,1783.0,1.0
20180109,30950.0,31058.0,30836.0,30997.0,1989.0,1.0
20180110,31005.0,31300.0,30952.0,31051.0,1793.0,2.0
20180111,31052.0,31184.0,30981.0,31183.0,1643.0,1.0
20180112,31234.0,31547.0,31195.0,31545.0,2141.0,1.0
20180115,31647.0,31721.0,31278.0,31361.0,2146.0,1.0
20180116,31406.0,32015.0,31376.0,31953.0,1453.0,2.0
20180117,31706.0,32080.0,31673.0,32076.0,1700.0,3.0
20180118,32193.0,32202.0,31837.0,32037.0,1750.0,2.0
20180119,32085.0,32314.0,31989.0,32271.0,1631.0,1.0
20180122,32338.0,32465.0,32011.0,32438.0,2123.0,1.0
20180123,32553.0,32930.0,32518.0,32916.0,2195.0,3.0
20180124,32837.0,33096.0,32733.0,33057.0,1881.0,1.0
20180125,32904.0,33016.0,32612.0,32689.0,1895.0,5.0
20180126,32857.0,33257.0,32800.0,33225.0,1909.0,1.0
20180129,33334.0,33516.0,32759.0,32827.0,1927.0,1.0
20180130,32750.0,32972.0,32333.0,32390.0,2030.0,1.0
20180131,32421.0,32991.0,32293.0,32825.0,1911.0,3.0
20180201,32826.0,32978.0,32426.0,32490.0,1793.0,1.0
20180202,32571.0,32743.0,32070.0,32165.0,2480.0,4.0
20180205,31686.0,32327.0,31635.0,32077.0,1901.0,9.0
20180206,30880.0,31212.0,30405.0,30832.0,2782.0,5.0
20180207,31210.0,31377.0,30067.0,30702.0,2977.0,9.0
20180208,30450.0,30661.0,30000.0,30043.0,1595.0,6.0
20180209,29532.0,29638.0,29008.0,29161.0,2073.0,9.0
20180212,29603.0,29709.0,29341.0,29468.0,1443.0,5.0
20180213,29678.0,30089.0,29517.0,29810.0,2809.0,1.0
20180214,29890.0,30585.0,29851.0,30419.0,1576.0,4.0
20180215,30650.0,31036.0,30648.0,30965.0,1217.0,27.0
20180220,31187.0,31279.0,30607.0,30781.0,1793.0,1.0
20180221,30894.0,31489.0,30813.0,31465.0,819.0,1.0
20180222,31250.0,31250.0,30887.0,31181.0,1718.0,2.0
20180223,31216.0,31371.0,31113.0,31224.0,951.0,1.0
20180226,31410.0,31603.0,31275.0,31516.0,909.0,1.0
20180227,31772.0,31786.0,31102.0,31181.0,1350.0,1.0
20180228,31108.0,31126.0,30662.0,30694.0,1753.0,3.0
20180301,30510.0,31083.0,30357.0,30843.0,1952.0,1.0
20180302,30554.0,30641.0,29995.0,30091.0,1880.0,7.0
20180305,30390.0,30675.0,29790.0,30139.0,2423.0,6.0
20180306,30391.0,30658.0,30116.0,30483.0,1372.0,1.0
20180307,30150.0,30633.0,30060.0,30415.0,1429.0,2.0
20180308,30470.0,30828.0,30404.0,30661.0,1227.0,1.0
20180309,30840.0,31232.0,30817.0,31209.0,1396.0,1.0
20180312,31452.0,31640.0,31348.0,31498.0,1632.0,4.0
20180313,31550.0,31714.0,31412.0,31434.0,1424.0,1.0
20180314,31280.0,31580.0,31112.0,31160.0,1615.0,3.0
20180315,31140.0,31654.0,31051.0,31548.0,1740.0,2.0
20180316,31405.0,31577.0,31268.0,31482.0,1644.0,1.0
20180319,31400.0,31677.0,31181.0,31208.0,1784.0,2.0
20180320,31300.0,31686.0,31148.0,31621.0,2132.0,12.0
20180321,31700.0,32005.0,31198.0,31403.0,2441.0,7.0
20180322,31580.0,31704.0,30257.0,30321.0,1703.0,2.0
20180323,30043.0,30331.0,29856.0,30033.0,2164.0,15.0
20180326,29955.0,30623.0,29938.0,30401.0,1483.0,4.0
20180327,30905.0,30949.0,30604.0,30828.0,1572.0,1.0
20180328,30402.0,30597.0,29811.0,30010.0,1621.0,1.0
20180329,30195.0,30318.0,29752.0,30242.0,2168.0,2.0
20180403,29865.0,30295.0,29750.0,30118.0,1599.0,8.0
20180404,30130.0,30315.0,29147.0,29774.0,1929.0,12.0
20180406,29800.0,30158.0,29562.0,29926.0,1788.0,4.0
20180409,30000.0,30580.0,29912.0,30354.0,2330.0,9.0
20180410,30164.0,30816.0,30136.0,30718.0,1402.0,8.0
20180411,30761.0,31000.0,30686.0,30973.0,1691.0,6.0
20180412,31087.0,31151.0,30605.0,30989.0,2811.0,6.0
20180413,31028.0,31055.0,30669.0,30766.0,1330.0,1.0
20180416,30997.0,31000.0,30158.0,30317.0,2045.0,2.0
20180417,30349.0,30527.0,29992.0,30385.0,2220.0,5.0
20180418,30499.0,30509.0,29955.0,30383.0,2363.0,4.0
20180419,30495.0,30791.0,30447.0,30553.0,2118.0,7.0
20180420,30590.0,30879.0,30185.0,30292.0,2213.0,1.0
20180423,30360.0,30502.0,30145.0,30356.0,2251.0,5.0
20180424,30352.0,30782.0,30265.0,30624.0,2246.0,7.0
20180425,30478.0,30517.0,30093.0,30195.0,2252.0,9.0
20180426,30332.0,30455.0,29837.0,30171.0,2089.0,1.0
20180427,30120.0,30151.0,29860.0,30112.0,2405.0,1.0
20180430,30245.0,30724.0,30230.0,30526.0,3620.0,1.0
20180502,30500.0,30659.0,30300.0,30308.0,2147.0,5.0
20180503,30305.0,30327.0,29687.0,29787.0,3121.0,2.0
20180504,30032.0,30169.0,29575.0,29938.0,2620.0,1.0
20180507,29999.0,30046.0,29580.0,29844.0,2644.0,2.0
20180508,29810.0,30265.0,29801.0,30094.0,2705.0,3.0
20180509,30218.0,30462.0,30145.0,30372.0,2881.0,4.0
20180510,30485.0,30929.0,30468.0,30904.0,2511.0,2.0
20180511,30970.0,31198.0,30869.0,31110.0,2910.0,1.0
20180514,31300.0,31499.0,31260.0,31454.0,3059.0,2.0
20180515,31430.0,31440.0,30715.0,30799.0,2791.0,1.0
20180516,30888.0,31156.0,30641.0,31122.0,2689.0,3.0
20180517,31224.0,31320.0,30817.0,30928.0,3240.0,1.0
20180518,30890.0,31077.0,30747.0,30813.0,2313.0,2.0
20180521,31130.0,31407.0,31089.0,31201.0,2385.0,2.0
20180523,31130.0,31140.0,30485.0,30628.0,2791.0,8.0
20180524,30641.0,30768.0,30376.0,30556.0,2553.0,1.0
20180525,30650.0,30762.0,30485.0,30591.0,2911.0,1.0
20180528,30730.0,30858.0,30518.0,30760.0,2156.0,6.0
20180529,30644.0,30711.0,30251.0,30254.0,1668.0,1.0
20180530,30055.0,30124.0,29794.0,30110.0,2617.0,3.0
20180531,30095.0,30513.0,29977.0,30352.0,2627.0,12.0
20180601,30390.0,30563.0,30258.0,30540.0,2687.0,3.0
20180604,30600.0,30974.0,30596.0,30877.0,2198.0,1.0
20180605,30913.0,31163.0,30812.0,30974.0,2171.0,1.0
20180606,31036.0,31283.0,31030.0,31276.0,1954.0,1.0
20180607,31410.0,31544.0,31318.0,31432.0,3440.0,1.0
20180608,31388.0,31405.0,30798.0,30964.0,1765.0,7.0
20180611,31015.0,31120.0,30834.0,31054.0,2560.0,2.0
20180612,30979.0,31237.0,30873.0,30967.0,2756.0,4.0
20180613,30980.0,31003.0,30637.0,30780.0,2336.0,1.0
20180614,30604.0,30740.0,30270.0,30487.0,2150.0,6.0
20180615,30420.0,30486.0,30024.0,30063.0,1740.0,4.0
20180619,29882.0,29927.0,29267.0,29512.0,2865.0,10.0
20180620,29478.0,29969.0,29343.0,29625.0,3149.0,1.0
20180621,29720.0,29860.0,29013.0,29094.0,2203.0,11.0
20180622,29043.0,29437.0,29043.0,29357.0,2306.0,3.0
20180625,29417.0,29453.0,28715.0,28721.0,2435.0,4.0
20180626,28899.0,29033.0,28476.0,28915.0,2168.0,7.0
20180627,28999.0,29047.0,28275.0,28553.0,1455.0,1.0
20180628,28200.0,28389.0,27964.0,28278.0,1887.0,7.0
20180629,28263.0,28765.0,28249.0,28646.0,1929.0,5.0
20180703,28388.0,28487.0,27775.0,28360.0,3168.0,2.0
20180704,28220.0,28446.0,27928.0,28009.0,2168.0,1.0
20180705,28041.0,28340.0,27720.0,28146.0,3265.0,9.0
20180706,28200.0,28493.0,27820.0,28406.0,2456.0,5.0
20180709,28665.0,28856.0,28533.0,28842.0,2398.0,1.0
20180710,28950.0,29013.0,28560.0,28671.0,2185.0,1.0
20180711,28080.0,28365.0,27892.0,28215.0,2540.0,6.0
20180712,28308.0,28632.0,28162.0,28577.0,1965.0,3.0
20180713,28742.0,28769.0,28312.0,28560.0,1660.0,4.0
20180716,28623.0,28702.0,28300.0,28431.0,2347.0,2.0
20180717,28387.0,28474.0,28106.0,28292.0,2947.0,5.0
20180718,28410.0,28410.0,28012.0,28175.0,2179.0,2.0
20180719,28240.0,28315.0,27845.0,27958.0,2116.0,6.0
20180720,28040.0,28340.0,27732.0,28284.0,2156.0,5.0
20180723,28186.0,28382.0,28061.0,28259.0,2291.0,3.0
20180724,28298.0,28944.0,28213.0,28901.0,2970.0,6.0
20180725,28820.0,28973.0,28747.0,28970.0,1877.0,2.0
20180726,29040.0,29113.0,28616.0,28777.0,2330.0,2.0
20180727,28750.0,28836.0,28587.0,28786.0,1401.0,1.0
20180730,28580.0,28821.0,28517.0,28684.0,1821.0,1.0
20180731,28639.0,28689.0,28423.0,28682.0,1733.0,4.0
20180801,28666.0,28720.0,28163.0,28184.0,2311.0,3.0
20180802,28200.0,28200.0,27444.0,27682.0,2599.0,7.0
20180803,27743.0,27942.0,27526.0,27792.0,1898.0,5.0
20180806,27830.0,28016.0,27631.0,27788.0,2263.0,1.0
20180807,27807.0,28343.0,27771.0,28312.0,1869.0,2.0
20180808,28290.0,28374.0,28060.0,28173.0,2304.0,1.0
20180809,28147.0,28659.0,28082.0,28568.0,2595.0,5.0
20180810,28489.0,28580.0,27977.0,28058.0,1711.0,4.0
20180813,27823.0,28024.0,27704.0,27809.0,2232.0,4.0
20180814,27908.0,27908.0,27444.0,27678.0,2292.0,5.0
20180815,27662.0,27678.0,26642.0,26786.0,2283.0,11.0
20180816,26800.0,27366.0,26790.0,27251.0,3160.0,4.0
20180817,27210.0,27332.0,26875.0,27128.0,1671.0,8.0
20180820,27204.0,27555.0,27139.0,27455.0,2609.0,1.0
20180821,27440.0,27740.0,27440.0,27724.0,2283.0,1.0
20180822,27710.0,27979.0,27498.0,27959.0,2697.0,2.0
20180823,27916.0,27982.0,27490.0,27547.0,1962.0,2.0
20180824,27546.0,27887.0,27447.0,27875.0,2112.0,1.0
20180827,27931.0,28517.0,27899.0,28452.0,3132.0,2.0
20180828,28460.0,28549.0,28201.0,28212.0,1899.0,1.0
20180829,28335.0,28476.0,28251.0,28470.0,1063.0,1.0
20180830,28520.0,28520.0,27786.0,27796.0,1557.0,1.0
20180831,27778.0,27882.0,27609.0,27609.0,1683.0,3.0
20180903,27650.0,27787.0,27516.0,27677.0,1701.0,2.0
20180904,27545.0,27950.0,27452.0,27616.0,2130.0,5.0
20180905,27660.0,27819.0,26941.0,27073.0,2288.0,4.0
20180906,26962.0,27224.0,26768.0,26897.0,2702.0,7.0
20180907,26800.0,27165.0,26530.0,26781.0,2335.0,1.0
20180910,26725.0,26840.0,26356.0,26549.0,2674.0,6.0
20180911,26550.0,26661.0,26020.0,26323.0,3216.0,1.0
20180912,26324.0,26741.0,26170.0,26563.0,1907.0,4.0
20180913,26563.0,27335.0,26551.0,27175.0,2662.0,4.0
20180914,27175.0,27345.0,27003.0,27192.0,2283.0,2.0
20180915,27194.0,27198.0,26938.0,26943.0,1109.0,25.0
20180917,26895.0,27032.0,26711.0,26953.0,2634.0,5.0
20180918,26954.0,27285.0,26605.0,27258.0,2378.0,4.0
20180919,27258.0,27575.0,27060.0,27561.0,2038.0,1.0
20180920,27559.0,27680.0,27294.0,27601.0,1802.0,7.0
20180921,27602.0,27982.0,27512.0,27909.0,2299.0,8.0
20180922,27910.0,27918.0,27847.0,27855.0,194.0,7.0
20180924,27797.0,27798.0,27388.0,27451.0,1385.0,1.0
20180925,27453.0,27470.0,27435.0,27446.0,134.0,4.0
20180926,27537.0,28037.0,27537.0,27857.0,1579.0,1.0
20180927,27859.0,27960.0,27628.0,27866.0,1685.0,1.0
20180928,27866.0,27935.0,27647.0,27737.0,2120.0,5.0
20180929,27736.0,27785.0,27698.0,27707.0,144.0,3.0
20181002,27760.0,27760.0,26890.0,27144.0,2089.0,6.0
20181003,27145.0,27252.0,26871.0,27082.0,1862.0,1.0
20181004,27083.0,27100.0,26330.0,26379.0,3144.0,5.0
20181005,26380.0,26619.0,26243.0,26280.0,2085.0,3.0
20181006,26283.0,26336.0,26264.0,26303.0,141.0,12.0
20181008,26476.0,26771.0,25971.0,26016.0,2243.0,8.0
20181009,26017.0,26342.0,25948.0,26141.0,2072.0,2.0
20181010,26141.0,26470.0,25784.0,25832.0,2811.0,4.0
20181011,25831.0,25862.0,25080.0,25349.0,3664.0,16.0
20181012,25348.0,25788.0,25263.0,25643.0,1846.0,9.0
20181013,25644.0,25649.0,25484.0,25572.0,188.0,22.0
20181015,25540.0,25649.0,25330.0,25460.0,1818.0,11.0
20181016,25454.0,25698.0,25208.0,25693.0,2065.0,5.0
20181017,25695.0,25775.0,25668.0,25772.0,417.0,22.0
20181018,25677.0,25690.0,25084.0,25102.0,2301.0,7.0
20181019,25100.0,25723.0,25046.0,25505.0,2537.0,14.0
20181020,25505.0,25514.0,25382.0,25468.0,226.0,28.0
20181022,25490.0,26222.0,25487.0,25962.0,3022.0,6.0
20181023,25963.0,26005.0,25050.0,25116.0,2876.0,7.0
20181024,25114.0,25654.0,25038.0,25169.0,2869.0,10.0
20181025,25169.0,25205.0,24601.0,25091.0,2601.0,10.0
20181026,25093.0,25146.0,24457.0,24693.0,2261.0,12.0
20181027,24691.0,24908.0,24691.0,24848.0,383.0,32.0
20181029,24858.0,25041.0,24582.0,24883.0,1614.0,5.0
20181030,24882.0,24962.0,24474.0,24602.0,2344.0,14.0
20181031,24600.0,25028.0,24560.0,24991.0,1937.0,1.0
20181101,24989.0,25779.0,24915.0,25723.0,3467.0,11.0
20181102,25722.0,26758.0,25696.0,26169.0,3789.0,20.0
20181103,26168.0,26180.0,25841.0,25867.0,548.0,39.0
20181105,26014.0,26139.0,25720.0,26041.0,2718.0,4.0
20181106,26040.0,26166.0,25799.0,26040.0,2061.0,7.0
20181107,26041.0,26524.0,25861.0,26303.0,2222.0,7.0
20181108,26305.0,26614.0,26054.0,26142.0,2164.0,11.0
20181109,26141.0,26161.0,25312.0,25409.0,2483.0,10.0
20181110,25408.0,25442.0,25330.0,25331.0,367.0,26.0
20181112,25450.0,25753.0,25255.0,25261.0,2470.0,6.0
20181113,25263.0,25914.0,25006.0,25823.0,3331.0,12.0
20181114,25821.0,26012.0,25430.0,25795.0,2315.0,14.0
20181115,25795.0,26136.0,25555.0,25853.0,2351.0,9.0
20181116,25850.0,26239.0,25790.0,26155.0,2227.0,7.0
20181117,26157.0,26185.0,26103.0,26128.0,207.0,18.0
20181119,26082.0,26378.0,26065.0,26131.0,2390.0,6.0
20181120,26128.0,26155.0,25439.0,25617.0,2306.0,0.0
20181121,25615.0,26161.0,25414.0,26118.0,2268.0,15.0
20181122,26118.0,26204.0,25810.0,25848.0,1967.0,3.0
20181123,25848.0,26036.0,25755.0,25875.0,2302.0,5.0
20181124,25876.0,25915.0,25850.0,25864.0,133.0,13.0
20181126,25990.0,26512.0,25979.0,26469.0,2854.0,4.0
20181127,26469.0,26471.0,26138.0,26331.0,1845.0,5.0
20181128,26330.0,26722.0,26291.0,26567.0,1636.0,2.0
20181129,26566.0,26953.0,26321.0,26444.0,1995.0,2.0
20181130,26445.0,26730.0,26417.0,26525.0,2238.0,4.0
20181201,26520.0,26600.0,26466.0,26572.0,298.0,17.0
20181203,27138.0,27329.0,27028.0,27166.0,3115.0,7.0
20181204,27168.0,27297.0,27041.0,27156.0,2396.0,5.0
20181205,27158.0,27188.0,26724.0,26832.0,2117.0,2.0
20181206,26832.0,26838.0,25912.0,25937.0,4384.0,1.0
20181207,25935.0,26369.0,25814.0,26194.0,2040.0,5.0
20181208,26193.0,26215.0,26062.0,26100.0,260.0,17.0
20181210,25768.0,25834.0,25523.0,25538.0,2271.0,6.0
20181211,25538.0,26047.0,25403.0,25979.0,1845.0,1.0
20181212,25979.0,26479.0,25859.0,26467.0,1970.0,7.0
20181213,26469.0,26626.0,26312.0,26404.0,1661.0,6.0
20181214,26404.0,26462.0,25920.0,26131.0,1937.0,5.0
20181215,26128.0,26225.0,26125.0,26169.0,421.0,17.0
20181217,26175.0,26231.0,25891.0,26047.0,1606.0,5.0
20181218,26048.0,26193.0,25700.0,25923.0,3116.0,4.0
20181219,25924.0,26086.0,25802.0,26046.0,1682.0,5.0
20181220,26045.0,26094.0,25374.0,25655.0,2840.0,10.0
20181221,25654.0,25806.0,25307.0,25663.0,1495.0,11.0
20181222,25662.0,25714.0,25559.0,25650.0,360.0,17.0
20181224,25500.0,25658.0,25400.0,25626.0,1542.0,15.0
20181227,25880.0,25940.0,25216.0,25239.0,1379.0,5.0
20181228,25240.0,25750.0,25223.0,25623.0,1593.0,5.0
20181229,25624.0,25662.0,25590.0,25641.0,170.0,24.0
20181231,25868.0,26000.0,25710.0,25854.0,1163.0,29.0
20190102,25856.0,25868.0,24975.0,25258.0,4849.0,1.0
20190103,25256.0,25363.0,24876.0,25049.0,2144.0,4.0
20190104,25050.0,25965.0,24893.0,25962.0,1779.0,8.0
20190105,25961.0,25981.0,25854.0,25949.0,246.0,27.0
20190107,26020.0,26098.0,25734.0,25841.0,2596.0,4.0
20190108,25836.0,26181.0,25713.0,26037.0,1828.0,3.0
20190109,26037.0,26652.0,26024.0,26528.0,1992.0,5.0
20190110,26530.0,26649.0,26228.0,26647.0,2848.0,4.0
20190111,26649.0,26746.0,26512.0,26671.0,2095.0,2.0
20190112,26671.0,26683.0,26642.0,26655.0,119.0,15.0
20190114,26595.0,26617.0,26164.0,26423.0,1900.0,0.0
20190115,26423.0,26874.0,26367.0,26713.0,2330.0,5.0
20190116,26711.0,26975.0,26559.0,26962.0,2374.0,7.0
20190117,26964.0,27041.0,26666.0,26886.0,2329.0,4.0
20190118,26887.0,27321.0,26880.0,27298.0,2761.0,1.0
20190119,27296.0,27361.0,27269.0,27361.0,273.0,10.0
20190121,27235.0,27348.0,27013.0,27217.0,2736.0,3.0
20190122,27219.0,27271.0,26835.0,26935.0,1994.0,3.0
20190123,26936.0,27164.0,26875.0,27053.0,2707.0,9.0
20190124,27053.0,27225.0,26872.0,27205.0,2406.0,1.0
20190125,27205.0,27770.0,27174.0,27765.0,3173.0,4.0
20190126,27764.0,27800.0,27727.0,27789.0,207.0,14.0
20190128,27700.0,27814.0,27362.0,27442.0,2106.0,2.0
20190129,27440.0,27666.0,27325.0,27580.0,1934.0,1.0
20190130,27577.0,27743.0,27341.0,27653.0,1965.0,2.0
20190131,27658.0,28107.0,27641.0,28057.0,2547.0,4.0
20190201,28057.0,28200.0,27726.0,27856.0,3509.0,1.0
20190202,27854.0,27934.0,27832.0,27920.0,200.0,10.0
20190204,27910.0,27950.0,27781.0,27826.0,1271.0,23.0
20190208,27662.0,28026.0,27450.0,27811.0,2956.0,3.0
20190209,27812.0,27830.0,27758.0,27827.0,160.0,11.0
20190211,27911.0,28220.0,27759.0,28140.0,1504.0,2.0
20190212,28140.0,28191.0,27916.0,28139.0,1778.0,0.0
20190213,28142.0,28509.0,28102.0,28434.0,2318.0,2.0
20190214,28436.0,28447.0,28107.0,28202.0,1776.0,1.0
20190215,28206.0,28233.0,27781.0,28149.0,2101.0,5.0
20190216,28149.0,28171.0,28108.0,28120.0,159.0,16.0
20190218,28210.0,28384.0,28127.0,28324.0,2318.0,1.0
20190219,28324.0,28448.0,28038.0,28202.0,1738.0,1.0
20190220,28204.0,28647.0,28204.0,28614.0,2064.0,2.0
20190221,28616.0,28799.0,28363.0,28491.0,2550.0,4.0
20190222,28489.0,28892.0,28417.0,28857.0,2092.0,0.0
20190223,28859.0,28881.0,28845.0,28872.0,102.0,10.0
20190225,28936.0,29111.0,28740.0,29101.0,2255.0,1.0
20190226,29100.0,29114.0,28685.0,28795.0,1500.0,2.0
20190227,28792.0,29038.0,28680.0,28725.0,3011.0,3.0
20190228,28726.0,28913.0,28563.0,28621.0,2387.0,3.0
20190301,28622.0,28840.0,28609.0,28742.0,3948.0,3.0
20190302,28744.0,28748.0,28642.0,28663.0,204.0,19.0
20190304,28870.0,29255.0,28723.0,28822.0,2045.0,2.0
20190305,28823.0,28989.0,28617.0,28932.0,2658.0,2.0
20190306,28933.0,29093.0,28868.0,29036.0,2334.0,1.0
20190307,29036.0,29057.0,28485.0,28526.0,3414.0,4.0
20190308,28525.0,28576.0,28016.0,28119.0,2855.0,5.0
20190309,28119.0,28188.0,28100.0,28114.0,170.0,8.0
20190311,28089.0,28711.0,28089.0,28686.0,2230.0,2.0
20190312,28685.0,28990.0,28643.0,28945.0,2296.0,8.0
20190313,28947.0,28997.0,28710.0,28958.0,1999.0,4.0
20190314,28959.0,28969.0,28675.0,28810.0,2737.0,0.0
20190315,28812.0,29250.0,28791.0,29163.0,3410.0,1.0
20190316,29161.0,29202.0,29153.0,29166.0,232.0,15.0
20190318,29135.0,29492.0,29062.0,29388.0,2929.0,5.0
20190319,29390.0,29630.0,29335.0,29595.0,2086.0,1.0
20190320,29598.0,29619.0,29226.0,29234.0,2676.0,2.0
20190321,29233.0,29477.0,28927.0,29185.0,2194.0,2.0
20190322,29184.0,29270.0,28652.0,28653.0,2356.0,6.0
20190323,28653.0,28704.0,28629.0,28671.0,209.0,34.0
20190325,28508.0,28683.0,28422.0,28605.0,1936.0,5.0
20190326,28607.0,28755.0,28410.0,28634.0,2996.0,1.0
20190327,28638.0,28789.0,28532.0,28548.0,1289.0,3.0
20190328,28548.0,28871.0,28536.0,28779.0,1802.0,5.0
20190329,28773.0,29194.0,28736.0,29151.0,1727.0,1.0
20190330,29152.0,29196.0,29130.0,29196.0,167.0,11.0
20190401,29460.0,29681.0,29415.0,29657.0,2780.0,7.0
20190402,29655.0,29788.0,29583.0,29702.0,2600.0,4.0
20190403,29702.0,30130.0,29681.0,30122.0,2998.0,3.0
20190404,30121.0,30131.0,29810.0,30085.0,2017.0,6.0
20190405,30086.0,30117.0,30050.0,30106.0,387.0,19.0
20190408,30155.0,30220.0,29965.0,30152.0,2207.0,3.0
20190409,30154.0,30295.0,30071.0,30107.0,2300.0,1.0
20190410,30105.0,30192.0,29944.0,30101.0,2465.0,1.0
20190411,30102.0,30225.0,29795.0,29837.0,3425.0,1.0
20190412,29837.0,30216.0,29706.0,30129.0,2768.0,3.0
20190413,30127.0,30165.0,30123.0,30162.0,145.0,3.0
20190415,30158.0,30336.0,29684.0,29732.0,3081.0,3.0
20190416,29734.0,30189.0,29691.0,30127.0,2510.0,4.0
20190417,30126.0,30235.0,30008.0,30065.0,5274.0,0.0
20190418,30063.0,30112.0,29882.0,30081.0,5196.0,2.0
20190419,30081.0,30109.0,30070.0,30094.0,492.0,10.0
20190423,29919.0,30072.0,29742.0,30051.0,4080.0,2.0
20190424,30050.0,30129.0,29650.0,29688.0,5908.0,4.0
20190425,29689.0,29843.0,29412.0,29531.0,3398.0,8.0
20190426,29531.0,29722.0,29447.0,29694.0,3452.0,0.0
20190427,29693.0,29716.0,29691.0,29700.0,216.0,2.0
20190429,29511.0,29720.0,29418.0,29636.0,6834.0,2.0
20190430,29638.0,29681.0,29368.0,29492.0,6220.0,2.0
20190501,29493.0,29516.0,29470.0,29478.0,160.0,8.0
20190502,29405.0,29737.0,29391.0,29506.0,4468.0,10.0
20190503,29505.0,30047.0,29412.0,30020.0,2435.0,2.0
20190504,30019.0,30036.0,30007.0,30020.0,145.0,2.0
20190506,29285.0,29287.0,28687.0,29143.0,3262.0,3.0
20190507,29146.0,29242.0,28655.0,28682.0,2405.0,8.0
20190508,28678.0,28979.0,28520.0,28616.0,1833.0,8.0
20190509,28615.0,28662.0,27754.0,27882.0,2543.0,1.0
20190510,27883.0,28588.0,27852.0,27998.0,2677.0,7.0
20190511,28001.0,28195.0,28001.0,28191.0,287.0,14.0
20190514,27631.0,27977.0,27602.0,27951.0,2638.0,11.0
20190515,27950.0,28169.0,27825.0,28007.0,2321.0,2.0
20190516,28011.0,28317.0,27791.0,28278.0,2181.0,6.0
20190517,28278.0,28288.0,27620.0,27744.0,2165.0,5.0
20190518,27740.0,27767.0,27706.0,27753.0,179.0,4.0
20190520,27831.0,27850.0,27333.0,27449.0,2196.0,4.0
20190521,27445.0,27828.0,27400.0,27521.0,2221.0,1.0
20190522,27521.0,27718.0,27462.0,27533.0,2073.0,5.0
20190523,27533.0,27541.0,27120.0,27201.0,2586.0,3.0
20190524,27203.0,27438.0,27168.0,27202.0,1874.0,1.0
20190525,27206.0,27243.0,27164.0,27235.0,241.0,7.0
20190527,27286.0,27353.0,27068.0,27226.0,2538.0,24.0
20190528,27236.0,27449.0,27178.0,27357.0,2139.0,3.0
20190529,27355.0,27400.0,27139.0,27203.0,1856.0,0.0
20190530,27201.0,27249.0,26849.0,26974.0,2697.0,4.0
20190531,26976.0,27033.0,26615.0,26740.0,1917.0,2.0
20190601,26739.0,26746.0,26712.0,26720.0,147.0,4.0
20190603,26764.0,26878.0,26578.0,26820.0,2445.0,3.0
20190604,26819.0,26886.0,26505.0,26845.0,2388.0,3.0
20190605,26846.0,27004.0,26663.0,26711.0,2509.0,4.0
20190606,26709.0,26879.0,26676.0,26808.0,1772.0,2.0
20190607,26805.0,26820.0,26791.0,26808.0,71.0,3.0
20190610,27125.0,27605.0,27016.0,27599.0,3162.0,2.0
20190611,27599.0,27770.0,27486.0,27659.0,1880.0,2.0
20190612,27663.0,27665.0,26993.0,26997.0,2585.0,3.0
20190613,26997.0,27243.0,26702.0,27070.0,2149.0,2.0
20190614,27070.0,27168.0,26919.0,26932.0,2106.0,2.0
20190615,26928.0,26939.0,26907.0,26939.0,145.0,3.0
20190617,27010.0,27446.0,26995.0,27152.0,3109.0,2.0
20190618,27153.0,28000.0,27106.0,27883.0,2119.0,1.0
20190619,27884.0,28197.0,27864.0,28123.0,2701.0,2.0
20190620,28121.0,28688.0,28093.0,28534.0,1842.0,1.0
20190621,28535.0,28554.0,28298.0,28417.0,2629.0,2.0
20190622,28414.0,28425.0,28377.0,28423.0,232.0,1.0
20190624,28350.0,28605.0,28314.0,28435.0,2062.0,1.0
20190625,28436.0,28489.0,28079.0,28178.0,1950.0,0.0
20190626,28176.0,28412.0,27989.0,28376.0,1678.0,1.0
20190627,28379.0,28604.0,28255.0,28477.0,2483.0,1.0
20190628,28483.0,28571.0,28367.0,28510.0,1829.0,1.0
20190629,28512.0,28531.0,28487.0,28487.0,74.0,1.0
20190702,28911.0,29054.0,28784.0,28952.0,2995.0,2.0
20190703,28949.0,28958.0,28766.0,28940.0,2518.0,1.0
20190704,28940.0,29080.0,28828.0,28852.0,3020.0,1.0
20190705,28853.0,28962.0,28541.0,28633.0,2159.0,1.0
20190706,28633.0,28705.0,28616.0,28705.0,95.0,1.0
20190708,28623.0,28641.0,28213.0,28408.0,3254.0,2.0
20190709,28412.0,28414.0,28087.0,28215.0,2527.0,1.0
20190710,28215.0,28455.0,28138.0,28354.0,2598.0,1.0
20190711,28355.0,28614.0,28304.0,28371.0,3135.0,1.0
20190712,28372.0,28609.0,28289.0,28435.0,2315.0,1.0
20190713,28434.0,28496.0,28431.0,28472.0,138.0,1.0
20190715,28358.0,28598.0,28052.0,28526.0,3301.0,1.0
20190716,28528.0,28661.0,28474.0,28547.0,2514.0,1.0
20190717,28546.0,28647.0,28358.0,28518.0,2856.0,1.0
20190718,28518.0,28527.0,28311.0,28410.0,2622.0,1.0
20190719,28413.0,28841.0,28410.0,28700.0,3070.0,1.0
20190720,28701.0,28753.0,28646.0,28670.0,280.0,2.0
20190722,28615.0,28693.0,28281.0,28396.0,3628.0,2.0
20190723,28399.0,28536.0,28290.0,28468.0,2335.0,1.0
20190724,28468.0,28774.0,28441.0,28533.0,3165.0,1.0
20190725,28535.0,28663.0,28357.0,28391.0,1982.0,1.0
20190726,28394.0,28480.0,28311.0,28356.0,2460.0,1.0
20190727,28358.0,28386.0,28353.0,28367.0,127.0,1.0
20190729,28265.0,28320.0,27937.0,28119.0,2414.0,1.0
20190730,28119.0,28226.0,28033.0,28124.0,2158.0,0.0
20190801,27525.0,27685.0,27401.0,27616.0,2601.0,3.0
20190802,27618.0,27660.0,26561.0,26630.0,2423.0,4.0
20190803,26634.0,26667.0,26535.0,26602.0,457.0,1.0
20190805,26430.0,26576.0,25547.0,25615.0,2814.0,5.0
20190806,25612.0,26085.0,25219.0,25819.0,2849.0,6.0
20190807,25821.0,26001.0,25595.0,25761.0,2257.0,4.0
20190808,25765.0,26246.0,25748.0,26127.0,2877.0,3.0
20190809,26128.0,26206.0,25645.0,25700.0,1848.0,3.0
20190810,25698.0,25892.0,25682.0,25842.0,305.0,2.0
20190812,25728.0,26011.0,25213.0,25346.0,2227.0,9.0
20190813,25345.0,25905.0,25053.0,25646.0,1923.0,1.0
20190814,25647.0,25682.0,24830.0,24869.0,2709.0,2.0
20190815,24866.0,25486.0,24791.0,25311.0,2409.0,3.0
20190816,25309.0,25733.0,25231.0,25649.0,2106.0,5.0
20190817,25650.0,25697.0,25630.0,25683.0,128.0,1.0
20190819,25921.0,26380.0,25838.0,26142.0,2752.0,10.0
20190820,26142.0,26285.0,26034.0,26118.0,2038.0,1.0
20190821,26120.0,26305.0,26014.0,26277.0,1904.0,1.0
20190822,26277.0,26288.0,25810.0,25895.0,2857.0,1.0
20190823,25894.0,26187.0,25522.0,25522.0,2486.0,1.0
20190824,25522.0,25582.0,25445.0,25480.0,618.0,4.0
20190826,25350.0,25878.0,25156.0,25674.0,2314.0,1.0
20190827,25673.0,25864.0,25533.0,25726.0,2036.0,1.0
20190828,25727.0,25855.0,25510.0,25663.0,1264.0,1.0
20190829,25661.0,25840.0,25264.0,25798.0,2576.0,1.0
20190830,25798.0,25935.0,25412.0,25524.0,2417.0,1.0
20190831,25524.0,25542.0,25479.0,25523.0,143.0,2.0
20190902,25421.0,25582.0,25353.0,25414.0,2537.0,2.0
20190903,25414.0,25663.0,25313.0,25529.0,2576.0,1.0
20190904,25528.0,26634.0,25472.0,26349.0,5794.0,1.0
20190905,26347.0,26683.0,26324.0,26438.0,2270.0,1.0
20190906,26712.0,26799.0,26489.0,26667.0,2870.0,7.0
20190907,26666.0,26674.0,26607.0,26642.0,138.0,1.0
20190909,26693.0,26795.0,26585.0,26738.0,2152.0,1.0
20190910,26739.0,26890.0,26604.0,26832.0,1950.0,1.0
20190911,26833.0,27169.0,26675.0,27153.0,4111.0,1.0
20190912,27153.0,27335.0,26940.0,27135.0,2314.0,1.0
20190913,27133.0,27394.0,27086.0,27333.0,1688.0,1.0
20190914,27333.0,27358.0,27318.0,27351.0,103.0,1.0
20190916,27188.0,27211.0,26959.0,27009.0,3008.0,1.0
20190917,27008.0,27040.0,26676.0,26827.0,2177.0,1.0
20190918,26830.0,26910.0,26710.0,26736.0,1383.0,1.0
20190919,26735.0,26831.0,26345.0,26587.0,2700.0,1.0
20190920,26586.0,26600.0,26374.0,26401.0,1374.0,1.0
20190921,26402.0,26419.0,26218.0,26314.0,797.0,2.0
20190923,26400.0,26524.0,26119.0,26246.0,2407.0,2.0
20190924,26246.0,26431.0,26135.0,26159.0,1749.0,1.0
20190925,26156.0,26240.0,25850.0,25977.0,3902.0,0.0
20190926,25980.0,26107.0,25905.0,25933.0,1549.0,0.0
20190927,25933.0,26044.0,25756.0,25845.0,2318.0,1.0
20190928,25845.0,25877.0,25656.0,25669.0,325.0,3.0
20190930,25833.0,26158.0,25767.0,26037.0,2492.0,1.0
20191001,26040.0,26057.0,25983.0,25983.0,98.0,1.0
20191002,25835.0,26087.0,25719.0,25772.0,2450.0,3.0
20191003,25774.0,26220.0,25673.0,26079.0,2931.0,1.0
20191004,26079.0,26175.0,25566.0,25712.0,3324.0,1.0
20191005,25711.0,25846.0,25697.0,25839.0,153.0,2.0
20191008,25880.0,26202.0,25621.0,25670.0,1965.0,6.0
20191009,25670.0,25869.0,25634.0,25773.0,2222.0,1.0
20191010,25773.0,25988.0,25507.0,25963.0,3206.0,1.0
20191011,25962.0,26677.0,25832.0,26527.0,2287.0,1.0
20191012,26527.0,26640.0,26450.0,26608.0,1117.0,1.0
20191014,26540.0,26662.0,26373.0,26481.0,2234.0,1.0
20191015,26480.0,26721.0,26433.0,26622.0,1552.0,1.0
20191016,26623.0,26760.0,26383.0,26743.0,3302.0,0.0
20191017,26741.0,27016.0,26681.0,26871.0,2284.0,1.0
20191018,26871.0,27015.0,26657.0,26684.0,1967.0,1.0
20191019,26684.0,26716.0,26604.0,26677.0,295.0,2.0
20191021,26710.0,26843.0,26646.0,26715.0,2341.0,1.0
20191022,26714.0,26896.0,26704.0,26839.0,3055.0,1.0
20191023,26837.0,26872.0,26457.0,26589.0,2628.0,1.0
20191024,26590.0,26835.0,26555.0,26785.0,1541.0,1.0
20191025,26786.0,26808.0,26594.0,26791.0,1891.0,1.0
20191026,26790.0,26816.0,26771.0,26786.0,127.0,1.0
20191028,26781.0,27041.0,26761.0,27013.0,3166.0,1.0
20191029,27015.0,27077.0,26682.0,26753.0,1501.0,0.0
20191030,26753.0,26824.0,26565.0,26656.0,1949.0,1.0
20191031,26654.0,27042.0,26563.0,26745.0,4445.0,1.0
20191101,26744.0,27233.0,26676.0,27193.0,1746.0,1.0
20191102,27195.0,27285.0,27158.0,27268.0,130.0,1.0
20191104,27231.0,27654.0,27228.0,27611.0,2661.0,1.0
20191105,27612.0,27763.0,27457.0,27646.0,2227.0,1.0
20191106,27648.0,27796.0,27544.0,27745.0,1962.0,1.0
20191107,27746.0,27949.0,27541.0,27883.0,2441.0,1.0
20191108,27883.0,27938.0,27577.0,27652.0,1934.0,1.0
20191109,27654.0,27669.0,27602.0,27602.0,105.0,1.0
20191111,27489.0,27490.0,26808.0,27135.0,2820.0,2.0
20191112,27135.0,27212.0,26776.0,26970.0,1959.0,1.0
20191113,26969.0,27003.0,26352.0,26474.0,4123.0,1.0
20191114,26475.0,26625.0,26178.0,26315.0,2977.0,1.0
20191115,26315.0,26617.0,26227.0,26360.0,2535.0,1.0
20191116,26362.0,26399.0,26361.0,26382.0,134.0,1.0
20191118,26318.0,26705.0,26314.0,26567.0,2830.0,1.0
20191119,26567.0,27123.0,26500.0,26896.0,3255.0,1.0
20191120,26896.0,26981.0,26757.0,26832.0,2055.0,0.0
20191121,26831.0,26848.0,26266.0,26508.0,3915.0,1.0
20191122,26508.0,26722.0,26473.0,26577.0,2321.0,0.0
20191123,26575.0,26639.0,26554.0,26565.0,506.0,1.0
20191125,26631.0,27192.0,26631.0,27067.0,3376.0,0.0
20191126,27067.0,27327.0,26903.0,26931.0,3723.0,1.0
20191127,26934.0,27086.0,26876.0,27017.0,2144.0,0.0
20191128,26946.0,27088.0,26729.0,26901.0,1854.0,1.0
20191129,26900.0,26918.0,26323.0,26404.0,2621.0,1.0
20191130,26400.0,26457.0,26375.0,26375.0,105.0,1.0
20191202,26470.0,26628.0,26339.0,26361.0,2047.0,2.0
20191203,26361.0,26519.0,25949.0,26033.0,4525.0,0.0
20191204,26032.0,26346.0,25960.0,26271.0,2616.0,1.0
20191205,26272.0,26383.0,26127.0,26230.0,2234.0,0.0
20191206,26229.0,26660.0,26223.0,26564.0,3663.0,0.0
20191207,26565.0,26649.0,26554.0,26576.0,178.0,1.0
20191209,26498.0,26720.0,26425.0,26503.0,2701.0,1.0
20191210,26502.0,26633.0,26262.0,26477.0,2398.0,1.0
20191211,26477.0,26748.0,26361.0,26657.0,1704.0,1.0
20191212,26659.0,27574.0,26625.0,27300.0,2583.0,0.0
20191213,27302.0,27952.0,27125.0,27522.0,2969.0,0.0
20191214,27524.0,27650.0,27447.0,27511.0,261.0,1.0
20191216,27600.0,27812.0,27509.0,27707.0,2269.0,1.0
20191217,27707.0,28000.0,27563.0,27848.0,2133.0,2.0
20191218,27848.0,28112.0,27786.0,27906.0,2561.0,1.0
20191219,27908.0,28051.0,27692.0,27820.0,1767.0,1.0
20191220,27822.0,28088.0,27755.0,28058.0,2130.0,0.0
20191221,27978.0,28064.0,27928.0,28035.0,166.0,0.0
20191223,28050.0,28162.0,27846.0,27877.0,2130.0,0.0
20191224,27879.0,28015.0,27798.0,27953.0,1521.0,0.0
20191227,28022.0,28371.0,28020.0,28341.0,2896.0,0.0
20191228,28246.0,28360.0,28228.0,28322.0,98.0,1.0
20191230,28216.0,28536.0,28180.0,28339.0,1782.0,1.0
20191231,28339.0,28408.0,28198.0,28270.0,1560.0,1.0
20200102,28363.0,28788.0,28211.0,28779.0,2661.0,2.0
20200103,28776.0,28947.0,28279.0,28454.0,2951.0,3.0
20200104,28454.0,28494.0,28376.0,28415.0,108.0,1.0
20200106,28292.0,28435.0,28077.0,28280.0,2785.0,2.0
20200107,28281.0,28529.0,28240.0,28326.0,2768.0,1.0
20200108,28327.0,28350.0,27865.0,28219.0,3180.0,1.0
20200109,28220.0,28633.0,28192.0,28558.0,2322.0,1.0
20200110,28556.0,28757.0,28532.0,28751.0,1965.0,1.0
20200111,28751.0,28778.0,28661.0,28768.0,112.0,1.0
20200113,28710.0,29039.0,28710.0,28996.0,2593.0,1.0
20200114,28995.0,29222.0,28793.0,28970.0,1971.0,2.0
20200115,28970.0,29030.0,28659.0,28835.0,1648.0,1.0
20200116,28837.0,29040.0,28738.0,28974.0,2320.0,1.0
20200117,28974.0,29161.0,28807.0,29054.0,3221.0,1.0
20200118,29053.0,29098.0,29012.0,29098.0,103.0,1.0
20200120,29159.0,29211.0,28660.0,28689.0,2037.0,1.0
20200121,28687.0,28690.0,27843.0,28049.0,2689.0,1.0
20200122,28047.0,28379.0,27938.0,28163.0,2209.0,1.0
20200123,28162.0,28166.0,27591.0,27649.0,3631.0,1.0
20200124,27650.0,27965.0,27556.0,27922.0,1454.0,3.0
20200129,27010.0,27338.0,26959.0,27019.0,2177.0,1.0
20200130,27017.0,27084.0,26260.0,26273.0,2563.0,0.0
20200131,26271.0,26760.0,25978.0,25986.0,2251.0,5.0
20200201,25985.0,26017.0,25880.0,25910.0,239.0,7.0
20200203,26233.0,26460.0,26025.0,26312.0,2703.0,2.0
20200204,26315.0,26879.0,26246.0,26835.0,3537.0,1.0
20200205,26834.0,27185.0,26526.0,26923.0,2356.0,1.0
20200206,26923.0,27568.0,26865.0,27206.0,2983.0,1.0
20200207,27207.0,27340.0,26993.0,27054.0,2344.0,1.0
20200208,27053.0,27082.0,26983.0,26985.0,155.0,2.0
20200210,26910.0,27242.0,26905.0,27114.0,2335.0,1.0
20200211,27111.0,27699.0,27095.0,27660.0,3115.0,1.0
20200212,27658.0,27841.0,27537.0,27821.0,2094.0,1.0
20200213,27824.0,27900.0,27495.0,27612.0,1726.0,1.0
20200214,27612.0,27908.0,27586.0,27713.0,1989.0,1.0
20200215,27713.0,27714.0,27576.0,27589.0,266.0,2.0
20200217,27666.0,28012.0,27642.0,27868.0,2398.0,1.0
20200218,27870.0,27893.0,27351.0,27419.0,2055.0,1.0
20200219,27420.0,27650.0,27341.0,27576.0,1715.0,1.0
20200220,27575.0,27721.0,27262.0,27373.0,3215.0,1.0
20200221,27375.0,27393.0,27155.0,27276.0,1777.0,2.0
20200222,27277.0,27335.0,27243.0,27280.0,164.0,2.0
20200224,26980.0,27061.0,26310.0,26495.0,1955.0,10.0
20200225,26494.0,26825.0,26419.0,26512.0,2063.0,3.0
20200226,26510.0,26813.0,26218.0,26727.0,1852.0,5.0
20200227,26726.0,26844.0,26157.0,26365.0,1919.0,0.0
20200228,26363.0,26581.0,25582.0,25824.0,3496.0,2.0
20200229,25822.0,26128.0,25741.0,25803.0,354.0,14.0
20200302,25953.0,26357.0,25827.0,26032.0,2942.0,10.0
20200303,26031.0,26611.0,25976.0,26457.0,2129.0,5.0
20200304,26454.0,26467.0,25971.0,26237.0,2112.0,1.0
20200305,26237.0,26769.0,26195.0,26481.0,1817.0,1.0
20200306,26481.0,26541.0,25659.0,25831.0,1842.0,4.0
20200307,25828.0,25834.0,25656.0,25679.0,337.0,5.0
20200309,25138.0,25275.0,24360.0,24918.0,3594.0,6.0
20200310,24914.0,25743.0,24635.0,25257.0,2063.0,3.0
20200311,25255.0,25512.0,24985.0,25038.0,2044.0,9.0
20200312,25040.0,25120.0,22872.0,22872.0,2278.0,1.0
20200313,22872.0,24749.0,22116.0,23422.0,2855.0,1.0
20200314,23425.0,23826.0,23245.0,23742.0,285.0,3.0
20200316,23056.0,23539.0,21588.0,22533.0,2422.0,10.0
20200317,22788.0,23390.0,22565.0,23019.0,1669.0,88.0
20200318,22640.0,23373.0,22000.0,22006.0,1204.0,57.0
20200319,22003.0,22366.0,20965.0,21841.0,1735.0,145.0
20200320,22057.0,23105.0,22057.0,23057.0,1643.0,69.0
20200323,21309.0,22066.0,21296.0,21496.0,3465.0,109.0
20200324,22500.0,22788.0,22350.0,22728.0,1655.0,65.0
20200325,23248.0,23638.0,23015.0,23618.0,1891.0,70.0
20200326,23451.0,23554.0,23096.0,23180.0,4079.0,115.0
20200327,23839.0,23898.0,23309.0,23502.0,1952.0,72.0
20200330,22750.0,23517.0,22750.0,23014.0,1796.0,95.0
20200331,23530.0,23750.0,23210.0,23720.0,1154.0,47.0
20200401,23349.0,23555.0,22886.0,22930.0,1346.0,48.0
20200402,22667.0,23280.0,22633.0,23269.0,1693.0,76.0
20200403,23069.0,23247.0,23001.0,23196.0,1038.0,42.0
20200406,23730.0,23865.0,23273.0,23740.0,2723.0,45.0
20200407,24032.0,24439.0,23747.0,24423.0,1834.0,90.0
20200408,24070.0,24222.0,23764.0,23764.0,1256.0,96.0
20200409,24203.0,24343.0,24018.0,24209.0,1545.0,52.0
20200414,24280.0,24598.0,24238.0,24408.0,2626.0,42.0
20200415,24408.0,24610.0,24022.0,24052.0,1958.0,55.0
20200416,23930.0,24124.0,23826.0,23948.0,1446.0,47.0
20200417,24500.0,24689.0,24265.0,24359.0,2500.0,55.0
20200420,24300.0,24474.0,24176.0,24280.0,1232.0,55.0
20200421,24158.0,24246.0,23631.0,23730.0,1686.0,42.0
20200422,23504.0,23928.0,23436.0,23869.0,1148.0,39.0
20200423,23920.0,24097.0,23759.0,23991.0,1868.0,37.0
20200424,23850.0,23937.0,23677.0,23834.0,1831.0,56.0
20200427,24010.0,24333.0,24010.0,24269.0,2246.0,34.0
20200428,24302.0,24577.0,24053.0,24577.0,1233.0,47.0
20200429,24605.0,24777.0,24441.0,24502.0,2118.0,31.0
20200504,23688.0,23730.0,23305.0,23373.0,4076.0,67.0
20200505,23596.0,23800.0,23525.0,23759.0,1517.0,35.0
20200506,23640.0,24132.0,23622.0,24053.0,1588.0,23.0
20200507,23909.0,23969.0,23769.0,23848.0,1390.0,25.0
20200508,24085.0,24198.0,23996.0,24121.0,1428.0,32.0
20200511,24340.0,24700.0,24300.0,24486.0,1464.0,25.0
20200512,24241.0,24317.0,24001.0,24153.0,1830.0,38.0
20200513,23950.0,24248.0,23876.0,24069.0,1712.0,17.0
20200514,23943.0,23965.0,23638.0,23685.0,1888.0,29.0
20200515,23777.0,23911.0,23544.0,23672.0,1714.0,49.0
20200518,23605.0,23936.0,23605.0,23924.0,1682.0,33.0
20200519,24300.0,24548.0,24244.0,24340.0,2601.0,42.0
20200520,24315.0,24484.0,24261.0,24441.0,1368.0,35.0
20200521,24385.0,24474.0,24114.0,24128.0,1710.0,37.0
20200522,23704.0,23717.0,22700.0,22701.0,3175.0,157.0
20200525,22800.0,22944.0,22498.0,22889.0,2832.0,50.0
20200526,23140.0,23478.0,23140.0,23355.0,2926.0,62.0
20200527,23387.0,23509.0,23103.0,23205.0,2398.0,48.0
20200528,22930.0,23238.0,22534.0,22898.0,1764.0,88.0
20200529,22677.0,22881.0,22389.0,22769.0,2593.0,34.0
20200601,23169.0,23661.0,23166.0,23425.0,3476.0,42.0
20200602,23610.0,23959.0,23518.0,23937.0,3790.0,40.0
20200603,24352.0,24355.0,24084.0,24243.0,1722.0,39.0
20200604,24549.0,24581.0,24117.0,24291.0,1501.0,59.0
20200605,24252.0,24780.0,24171.0,24697.0,1575.0,30.0
20200608,24940.0,24984.0,24597.0,24745.0,2183.0,35.0
20200609,24780.0,25183.0,24722.0,24867.0,1711.0,47.0
